customerno,realname,username,role,roleid,email,phone
795,Mr. Tirupatirao Chalsani,thirupathichalsani@gmail.com,Consignee,51,thirupathichalsani@gmail.com,9822334133
795,Mr. Bhagwan Shelake,bhagwanshelake202@gmail.com,Consignee,51,bhagwanshelake202@gmail.com,9075746151
795,Mr. Prashant Daundkar,shivkrupa.com@gmail.com,Consignee,51,shivkrupa.com@gmail.com,9767215504
795,Mr. Rajaram Raskar,mayursuper19@gmail.com,Consignee,51,mayursuper19@gmail.com,9284874080
795,Mr. Sahebrao Bhoskar,vaibhavhotel19@gmail.com,Consignee,51,vaibhavhotel19@gmail.com,9049103362
795,Mr. Parshuram Arekar,santoshkirana19@gmail.com,Consignee,51,santoshkirana19@gmail.com,9271198328
795,Ms. Shubhangi Gaikwad,gauriagency19@gmail.com,Consignee,51,gauriagency19@gmail.com,9860576610
795,Mr. Mangilal Choudhari,hariom19@gmail.com,Consignee,51,hariom19@gmail.com,9850035802
795,Mrs. Suvarna Alhat,pradip.alhat1@gmail.com,Consignee,51,pradip.alhat1@gmail.com,9881070844
795,Mr. Rahul Rakshe,rahulrakshe1985@gmail.com,Consignee,51,rahulrakshe1985@gmail.com,9765713331
795,Mr. Keshav Walke,ganeshmilk19@gmail.com,Consignee,51,ganeshmilk19@gmail.com,9657658890
795,Mr. Sandip Hase,sandeephase060@gmail.com,Consignee,51,sandeephase060@gmail.com,9767787841
795,Mr. Mandar Kashid,mandarkashid507@gmail.com,Consignee,51,mandarkashid507@gmail.com,8625862570
795,Mr. Pravin Phakatkar,pravinphakatkar32@gmail.com,Consignee,51,pravinphakatkar32@gmail.com,8796302276
795,Mr. Sudam Hulawale,ketanh44@gmail.com,Consignee,51,ketanh44@gmail.com,9604422335
795,Mr. Rajendra Agarwal,rajuagarwal31@gmail.com,Consignee,51,rajuagarwal31@gmail.com,9763166767
795,Mr. Nitin Sonawane,nmsonawane005@gmail.com,Consignee,51,nmsonawane005@gmail.com,9689935925
795,Mr. Vinit Dhore,dhorepritingpress@gmail.com ,Consignee,51,dhorepritingpress@gmail.com ,7875658225
795,Mr. Ritesh Dalvi,ashaent19@gmail.com,Consignee,51,ashaent19@gmail.com,9552998625
795,Mr. Jaganath Mete,akankshadairy19@gmail.com,Consignee,51,akankshadairy19@gmail.com,9822629885
795,Ms. Smruti Joshi,smrutijoshi2701@gmail.com,Consignee,51,smrutijoshi2701@gmail.com,9075016121
795,Mr. Suesh Rajpurohit,dineshraj8625990200@gmail.com,Consignee,51,dineshraj8625990200@gmail.com,8087402288
795,Mr. Balasaheb Patil,balasaheb19@gmail.com,Consignee,51,balasaheb19@gmail.com,8928807999
795,Mr. Swapnil Manore,omsaiurja19@gmail.com,Consignee,51,omsaiurja19@gmail.com,9372771812
795,Ms. Smruti Joshi,smrutijoshi2701@gmail.com,Consignee,51,smrutijoshi2701@gmail.com,9075016121
795,Mrs. Ankita Patil,ananddairy19@gmail.com,Consignee,51,ananddairy19@gmail.com,9527448817
795,Ms. Smruti Joshi,smrutijoshi2701@gmail.com,Consignee,51,smrutijoshi2701@gmail.com,9075016121
795,Mr. Madhav Pandy,pandedairy19@gmail.com,Consignee,51,pandedairy19@gmail.com,9561105983
795,Mr. Ravi Deshmukh,jogeshwari19@gmail.com,Consignee,51,jogeshwari19@gmail.com,9637373544
795,Mr. Vikrant Choudhary,choudhariage19@gmail.com,Consignee,51,choudhariage19@gmail.com,8237153665
795,Mr. Bhagwan Katkar,vitthalkatkar2805@gmail.com,Consignee,51,vitthalkatkar2805@gmail.com,9689161397
795,Mr. Swapnil Kapare,swapnil4world@gmail.com,Consignee,51,swapnil4world@gmail.com,9420750211
795,Mr. Kiran Poojari,keeranpoojary@yahoo.co.in,Consignee,51,keeranpoojary@yahoo.co.in,8828822001
795,Ms. Suvarna Pawar,sudesh.pawar45@gmail.com,Consignee,51,sudesh.pawar45@gmail.com,9821364171
795,Mrs. Suhsma Berde,deepak00450@gmail.com,Consignee,51,deepak00450@gmail.com,9819000450
795,Mr. Santosh Jadhav,santojadhav2779@gmail.com,Consignee,51,santojadhav2779@gmail.com,9870547193
795,Mr. Satish Dhotre,dhotresatish@yahoo.com,Consignee,51,dhotresatish@yahoo.com,9594409856
795,Mr. Sagar Shukla,sagarshukla123472@gmail.com,Consignee,51,sagarshukla123472@gmail.com,9619698492
795,Mr. Prashant Shinkar,excel.enterprises79@gmail.com,Consignee,51,excel.enterprises79@gmail.com,9820941379
